{
    "models": {
        "beamlineReport": {},
        "beamlines": [
            {
                "angle": 0.6283185307179586,
                "count": 7,
                "distance": 10.19402743836606,
                "id": 19,
                "items": [
                    11,
                    21,
                    9,
                    17,
                    9,
                    24,
                    9,
                    7,
                    15,
                    7,
                    9,
                    24,
                    9,
                    17,
                    9,
                    21,
                    11
                ],
                "l": 0,
                "length": 10.504124203953987,
                "name": "DBA"
            }
        ],
        "bunch": {
            "alpha_x": 0,
            "alpha_y": 0,
            "alpha_z": 0,
            "beta_x": 20,
            "beta_y": 20,
            "beta_z": 0,
            "centroid": "0, 0, 0, 0, 0, 0",
            "distribution_cutoff": "3, 3, 3",
            "distribution_type": "gaussian, gaussian, gaussian",
            "dp_s_coupling": "0.0",
            "emit_nx": 0,
            "emit_ny": 0,
            "emit_x": 6e-06,
            "emit_y": 6e-06,
            "emit_z": 0,
            "enforce_rms_values": "1, 1, 1",
            "eta_x": "0.0",
            "eta_y": "0.0",
            "etap_x": "0.0",
            "etap_y": "0.0",
            "halton_radix": "0, 0, 0, 0, 0, 0",
            "halton_sequence": "0, 0, 0",
            "limit_in_4d": "1",
            "limit_invariants": "0",
            "longitudinalMethod": 1,
            "momentum_chirp": "0.0",
            "n_particles_per_bunch": 20000,
            "optimized_halton": "0",
            "p_central_mev": 1000,
            "randomize_order": "0, 0, 0",
            "sigma_dp": 0,
            "sigma_s": 0.00065,
            "symmetrize": "1",
            "time_start": "0.0"
        },
        "bunchFile": {
            "sourceFile": null
        },
        "bunchReport1": {
            "histogramBins": 200,
            "x": "x",
            "y": "xp"
        },
        "bunchReport2": {
            "histogramBins": 200,
            "x": "y",
            "y": "yp"
        },
        "bunchReport3": {
            "histogramBins": 200,
            "x": "x",
            "y": "y"
        },
        "bunchReport4": {
            "histogramBins": 200,
            "x": "t",
            "y": "p"
        },
        "bunchSource": {
            "inputSource": "bunched_beam"
        },
        "commands": [
            {
                "_id": 14,
                "_type": "divide_elements",
                "clear": "0",
                "divisions": 0,
                "exclude": "",
                "maximum_length": 0.1,
                "name": "*",
                "type": ""
            },
            {
                "_id": 2,
                "_type": "run_setup",
                "acceptance": "",
                "always_change_p0": "0",
                "back_tracking": "0",
                "centroid": "1",
                "combine_bunch_statistics": "0",
                "concat_order": 0,
                "correction_iterations": "1",
                "default_order": "2",
                "echo_lattice": "0",
                "element_divisions": "0",
                "expand_for": "",
                "final": "",
                "final_pass": "0",
                "lattice": "Lattice",
                "load_balancing_on": "0",
                "losses": "",
                "losses_include_global_coordinates": "0",
                "losses_s_limit": "-1.79E308, 1.79E308",
                "magnets": "",
                "monitor_memory_usage": "0",
                "output": "1",
                "p_central": "0.0",
                "p_central_mev": 1000,
                "parameters": "1",
                "print_statistics": "1",
                "random_number_seed": "987654321",
                "rfc_reference_output": "",
                "show_element_timing": "0",
                "sigma": "1",
                "suppress_parameter_defaults": "0",
                "tracking_updates": "1",
                "use_beamline": 19,
                "wrap_around": "1"
            },
            {
                "_id": 3,
                "_type": "run_control",
                "bunch_frequency": "0.0",
                "first_is_fiducial": "0",
                "n_indices": "0",
                "n_passes": "1",
                "n_passes_fiducial": "0",
                "n_steps": "1",
                "reset_rf_for_each_step": "1",
                "restrict_fiducialization": "0"
            },
            {
                "_id": 4,
                "_type": "twiss_output",
                "alpha_x": 0,
                "alpha_y": 0,
                "beta_x": 20,
                "beta_y": 20,
                "cavities_are_drifts_if_matched": "1",
                "chromatic_tune_spread_half_range": "0.0",
                "compute_driving_terms": "0",
                "concat_order": "3",
                "eta_x": "0.0",
                "eta_y": "0.0",
                "etap_x": "0.0",
                "etap_y": "0.0",
                "filename": "1",
                "final_values_only": "0",
                "higher_order_chromaticity": "0",
                "higher_order_chromaticity_points": "5",
                "higher_order_chromaticity_range": "4e-4",
                "leading_order_driving_terms_only": "0",
                "local_dispersion": "1",
                "matched": "0",
                "output_at_each_step": "0",
                "output_before_tune_correction": "0",
                "quick_higher_order_chromaticity": "0",
                "radiation_integrals": "0",
                "reference_element": "",
                "reference_element_occurrence": "0",
                "reference_file": "",
                "reflect_reference_values": "0",
                "s_dependent_driving_terms_file": "",
                "statistics": "0"
            },
            {
                "Po": "0.0",
                "_id": 5,
                "_type": "bunched_beam",
                "alpha_x": 0,
                "alpha_y": 0,
                "alpha_z": 0,
                "beta_x": 20,
                "beta_y": 20,
                "beta_z": 0,
                "bunch": "1",
                "centroid": "0, 0, 0, 0, 0, 0",
                "distribution_cutoff": "3, 3, 3",
                "distribution_type": "gaussian, gaussian, gaussian",
                "dp_s_coupling": "0.0",
                "emit_nx": 0,
                "emit_ny": 0,
                "emit_x": 6e-06,
                "emit_y": 6e-06,
                "emit_z": 0,
                "enforce_rms_values": "1, 1, 1",
                "eta_x": "0.0",
                "eta_y": "0.0",
                "etap_x": "0.0",
                "etap_y": "0.0",
                "first_is_fiducial": "0",
                "halton_radix": "0, 0, 0, 0, 0, 0",
                "halton_sequence": "0, 0, 0",
                "limit_in_4d": "1",
                "limit_invariants": "0",
                "matched_to_cell": "",
                "momentum_chirp": "0.0",
                "n_particles_per_bunch": 20000,
                "one_random_bunch": "0",
                "optimized_halton": "0",
                "randomize_order": "0, 0, 0",
                "save_initial_coordinates": "1",
                "sigma_dp": 0,
                "sigma_s": 0.00065,
                "symmetrize": "1",
                "time_start": "0.0",
                "use_moments_output_values": "0",
                "use_twiss_command_values": "1"
            },
            {
                "_id": 23,
                "_type": "track",
                "center_momentum_also": "1",
                "center_on_orbit": "0",
                "check_beam_structure": "0",
                "longitudinal_ring_only": "0",
                "offset_by_orbit": "0",
                "offset_momentum_also": "1",
                "soft_failure": "1",
                "stop_tracking_particle_limit": -1,
                "use_linear_chromatic_matrix": "0"
            }
        ],
        "elementAnimation2-21": {
            "aspectRatio": "1",
            "colorMap": "afmhot",
            "framesPerSecond": "2",
            "histogramBins": 200,
            "horizontalOffset": 0,
            "horizontalSize": 0,
            "includeLattice": "0",
            "notes": "",
            "panelTitle": "run_setup.output",
            "plotRangeType": "none",
            "startTime": 1542148844,
            "valueList": {
                "x": [
                    "x",
                    "xp",
                    "y",
                    "yp",
                    "t",
                    "p",
                    "particleID"
                ],
                "xFile": [
                    "run_setup.output.sdds"
                ],
                "y1": [
                    "x",
                    "xp",
                    "y",
                    "yp",
                    "t",
                    "p",
                    "particleID"
                ],
                "y1File": [
                    "run_setup.output.sdds"
                ],
                "y2": [
                    "None",
                    "x",
                    "xp",
                    "y",
                    "yp",
                    "t",
                    "p",
                    "particleID"
                ],
                "y2File": [
                    "run_setup.output.sdds",
                    "bunched_beam.bunch.sdds"
                ],
                "y3": [
                    "None",
                    "x",
                    "xp",
                    "y",
                    "yp",
                    "t",
                    "p",
                    "particleID"
                ],
                "y3File": [
                    "run_setup.output.sdds",
                    "bunched_beam.bunch.sdds"
                ]
            },
            "verticalOffset": 0,
            "verticalSize": 0,
            "x": "x",
            "xFile": "run_setup.output.sdds",
            "xFileId": "2-21",
            "y1": "y",
            "y1File": "run_setup.output.sdds",
            "y1FileId": "2-21",
            "y2": "None",
            "y2File": "run_setup.output.sdds",
            "y2FileId": "2-21",
            "y3": "None",
            "y3File": "run_setup.output.sdds",
            "y3FileId": "2-21"
        },
        "elementAnimation2-29": {
            "aspectRatio": "1",
            "colorMap": "afmhot",
            "framesPerSecond": "2",
            "histogramBins": 200,
            "horizontalOffset": 6.250000000000021,
            "horizontalSize": 12.500000000000043,
            "includeLattice": "1",
            "notes": "",
            "panelTitle": "run_setup.sigma",
            "plotRangeType": "none",
            "startTime": 1542148844,
            "valueList": {
                "x": [
                    "s",
                    "ElementOccurence",
                    "s1",
                    "s12",
                    "s13",
                    "s14",
                    "s15",
                    "s16",
                    "s17",
                    "s2",
                    "s23",
                    "s24",
                    "s25",
                    "s26",
                    "s27",
                    "s3",
                    "s34",
                    "s35",
                    "s36",
                    "s37",
                    "s4",
                    "s45",
                    "s46",
                    "s47",
                    "s5",
                    "s56",
                    "s57",
                    "s6",
                    "s67",
                    "s7",
                    "ma1",
                    "ma2",
                    "ma3",
                    "ma4",
                    "ma5",
                    "ma6",
                    "ma7",
                    "minimum1",
                    "minimum2",
                    "minimum3",
                    "minimum4",
                    "minimum5",
                    "minimum6",
                    "minimum7",
                    "maximum1",
                    "maximum2",
                    "maximum3",
                    "maximum4",
                    "maximum5",
                    "maximum6",
                    "maximum7",
                    "Sx",
                    "Sxp",
                    "Sy",
                    "Syp",
                    "Ss",
                    "Sdelta",
                    "St",
                    "ex",
                    "enx",
                    "ecx",
                    "ecnx",
                    "ey",
                    "eny",
                    "ecy",
                    "ecny",
                    "betaxBeam",
                    "alphaxBeam",
                    "betayBeam",
                    "alphayBeam"
                ],
                "xFile": [
                    "run_setup.sigma.sdds"
                ],
                "y1": [
                    "s",
                    "ElementOccurence",
                    "s1",
                    "s12",
                    "s13",
                    "s14",
                    "s15",
                    "s16",
                    "s17",
                    "s2",
                    "s23",
                    "s24",
                    "s25",
                    "s26",
                    "s27",
                    "s3",
                    "s34",
                    "s35",
                    "s36",
                    "s37",
                    "s4",
                    "s45",
                    "s46",
                    "s47",
                    "s5",
                    "s56",
                    "s57",
                    "s6",
                    "s67",
                    "s7",
                    "ma1",
                    "ma2",
                    "ma3",
                    "ma4",
                    "ma5",
                    "ma6",
                    "ma7",
                    "minimum1",
                    "minimum2",
                    "minimum3",
                    "minimum4",
                    "minimum5",
                    "minimum6",
                    "minimum7",
                    "maximum1",
                    "maximum2",
                    "maximum3",
                    "maximum4",
                    "maximum5",
                    "maximum6",
                    "maximum7",
                    "Sx",
                    "Sxp",
                    "Sy",
                    "Syp",
                    "Ss",
                    "Sdelta",
                    "St",
                    "ex",
                    "enx",
                    "ecx",
                    "ecnx",
                    "ey",
                    "eny",
                    "ecy",
                    "ecny",
                    "betaxBeam",
                    "alphaxBeam",
                    "betayBeam",
                    "alphayBeam"
                ],
                "y1File": [
                    "run_setup.sigma.sdds"
                ],
                "y2": [
                    "None",
                    "s",
                    "ElementOccurence",
                    "s1",
                    "s12",
                    "s13",
                    "s14",
                    "s15",
                    "s16",
                    "s17",
                    "s2",
                    "s23",
                    "s24",
                    "s25",
                    "s26",
                    "s27",
                    "s3",
                    "s34",
                    "s35",
                    "s36",
                    "s37",
                    "s4",
                    "s45",
                    "s46",
                    "s47",
                    "s5",
                    "s56",
                    "s57",
                    "s6",
                    "s67",
                    "s7",
                    "ma1",
                    "ma2",
                    "ma3",
                    "ma4",
                    "ma5",
                    "ma6",
                    "ma7",
                    "minimum1",
                    "minimum2",
                    "minimum3",
                    "minimum4",
                    "minimum5",
                    "minimum6",
                    "minimum7",
                    "maximum1",
                    "maximum2",
                    "maximum3",
                    "maximum4",
                    "maximum5",
                    "maximum6",
                    "maximum7",
                    "Sx",
                    "Sxp",
                    "Sy",
                    "Syp",
                    "Ss",
                    "Sdelta",
                    "St",
                    "ex",
                    "enx",
                    "ecx",
                    "ecnx",
                    "ey",
                    "eny",
                    "ecy",
                    "ecny",
                    "betaxBeam",
                    "alphaxBeam",
                    "betayBeam",
                    "alphayBeam"
                ],
                "y2File": [
                    "run_setup.centroid.sdds",
                    "run_setup.sigma.sdds",
                    "twiss_output.filename.sdds"
                ],
                "y3": [
                    "None",
                    "s",
                    "ElementOccurence",
                    "s1",
                    "s12",
                    "s13",
                    "s14",
                    "s15",
                    "s16",
                    "s17",
                    "s2",
                    "s23",
                    "s24",
                    "s25",
                    "s26",
                    "s27",
                    "s3",
                    "s34",
                    "s35",
                    "s36",
                    "s37",
                    "s4",
                    "s45",
                    "s46",
                    "s47",
                    "s5",
                    "s56",
                    "s57",
                    "s6",
                    "s67",
                    "s7",
                    "ma1",
                    "ma2",
                    "ma3",
                    "ma4",
                    "ma5",
                    "ma6",
                    "ma7",
                    "minimum1",
                    "minimum2",
                    "minimum3",
                    "minimum4",
                    "minimum5",
                    "minimum6",
                    "minimum7",
                    "maximum1",
                    "maximum2",
                    "maximum3",
                    "maximum4",
                    "maximum5",
                    "maximum6",
                    "maximum7",
                    "Sx",
                    "Sxp",
                    "Sy",
                    "Syp",
                    "Ss",
                    "Sdelta",
                    "St",
                    "ex",
                    "enx",
                    "ecx",
                    "ecnx",
                    "ey",
                    "eny",
                    "ecy",
                    "ecny",
                    "betaxBeam",
                    "alphaxBeam",
                    "betayBeam",
                    "alphayBeam"
                ],
                "y3File": [
                    "run_setup.centroid.sdds",
                    "run_setup.sigma.sdds",
                    "twiss_output.filename.sdds"
                ]
            },
            "verticalOffset": 0.005,
            "verticalSize": 0.0025,
            "x": "s",
            "xFile": "run_setup.sigma.sdds",
            "xFileId": "2-29",
            "y1": "Sx",
            "y1File": "run_setup.sigma.sdds",
            "y1FileId": "2-29",
            "y2": "Sy",
            "y2File": "run_setup.sigma.sdds",
            "y2FileId": "2-29",
            "y3": "None",
            "y3File": "run_setup.sigma.sdds",
            "y3FileId": "2-29"
        },
        "elementAnimation2-4": {
            "aspectRatio": "1",
            "colorMap": "afmhot",
            "framesPerSecond": "2",
            "histogramBins": 200,
            "horizontalOffset": 6.250000000000021,
            "horizontalSize": 12.500000000000043,
            "includeLattice": "0",
            "notes": "",
            "panelTitle": "run_setup.centroid",
            "plotRangeType": "fixed",
            "startTime": 1542148844,
            "valueList": {
                "x": [
                    "s",
                    "ElementOccurence",
                    "Cx",
                    "Cxp",
                    "Cy",
                    "Cyp",
                    "Cs",
                    "Cdelta",
                    "Particles",
                    "pCentral",
                    "Charge"
                ],
                "xFile": [
                    "run_setup.centroid.sdds"
                ],
                "y1": [
                    "s",
                    "ElementOccurence",
                    "Cx",
                    "Cxp",
                    "Cy",
                    "Cyp",
                    "Cs",
                    "Cdelta",
                    "Particles",
                    "pCentral",
                    "Charge"
                ],
                "y1File": [
                    "run_setup.centroid.sdds"
                ],
                "y2": [
                    "None",
                    "s",
                    "ElementOccurence",
                    "Cx",
                    "Cxp",
                    "Cy",
                    "Cyp",
                    "Cs",
                    "Cdelta",
                    "Particles",
                    "pCentral",
                    "Charge"
                ],
                "y2File": [
                    "run_setup.centroid.sdds",
                    "run_setup.sigma.sdds",
                    "twiss_output.filename.sdds"
                ],
                "y3": [
                    "None",
                    "s",
                    "ElementOccurence",
                    "Cx",
                    "Cxp",
                    "Cy",
                    "Cyp",
                    "Cs",
                    "Cdelta",
                    "Particles",
                    "pCentral",
                    "Charge"
                ],
                "y3File": [
                    "run_setup.centroid.sdds",
                    "run_setup.sigma.sdds",
                    "twiss_output.filename.sdds"
                ]
            },
            "verticalOffset": 0,
            "verticalSize": 0.02,
            "x": "s",
            "xFile": "run_setup.centroid.sdds",
            "xFileId": "2-4",
            "y1": "Cx",
            "y1File": "run_setup.centroid.sdds",
            "y1FileId": "2-4",
            "y2": "None",
            "y2File": "run_setup.centroid.sdds",
            "y2FileId": "2-4",
            "y3": "None",
            "y3File": "run_setup.centroid.sdds",
            "y3FileId": "2-4"
        },
        "elementAnimation4-13": {
            "aspectRatio": "1",
            "colorMap": "afmhot",
            "framesPerSecond": "2",
            "histogramBins": 200,
            "horizontalOffset": 0,
            "horizontalSize": 0,
            "includeLattice": "1",
            "notes": "",
            "panelTitle": "twiss_output",
            "plotRangeType": "none",
            "startTime": 1542148844,
            "valueList": {
                "x": [
                    "s",
                    "betax",
                    "alphax",
                    "psix",
                    "etax",
                    "etaxp",
                    "xAperture",
                    "betay",
                    "alphay",
                    "psiy",
                    "etay",
                    "etayp",
                    "yAperture",
                    "pCentral0",
                    "ElementOccurence"
                ],
                "xFile": [
                    "twiss_output.filename.sdds"
                ],
                "y1": [
                    "s",
                    "betax",
                    "alphax",
                    "psix",
                    "etax",
                    "etaxp",
                    "xAperture",
                    "betay",
                    "alphay",
                    "psiy",
                    "etay",
                    "etayp",
                    "yAperture",
                    "pCentral0",
                    "ElementOccurence"
                ],
                "y1File": [
                    "twiss_output.filename.sdds"
                ],
                "y2": [
                    "None",
                    "s",
                    "betax",
                    "alphax",
                    "psix",
                    "etax",
                    "etaxp",
                    "xAperture",
                    "betay",
                    "alphay",
                    "psiy",
                    "etay",
                    "etayp",
                    "yAperture",
                    "pCentral0",
                    "ElementOccurence"
                ],
                "y2File": [
                    "run_setup.centroid.sdds",
                    "run_setup.sigma.sdds",
                    "twiss_output.filename.sdds"
                ],
                "y3": [
                    "None",
                    "s",
                    "betax",
                    "alphax",
                    "psix",
                    "etax",
                    "etaxp",
                    "xAperture",
                    "betay",
                    "alphay",
                    "psiy",
                    "etay",
                    "etayp",
                    "yAperture",
                    "pCentral0",
                    "ElementOccurence"
                ],
                "y3File": [
                    "run_setup.centroid.sdds",
                    "run_setup.sigma.sdds",
                    "twiss_output.filename.sdds"
                ]
            },
            "verticalOffset": 0,
            "verticalSize": 0,
            "x": "s",
            "xFile": "twiss_output.filename.sdds",
            "xFileId": "4-13",
            "y1": "etax",
            "y1File": "twiss_output.filename.sdds",
            "y1FileId": "4-13",
            "y2": "etaxp",
            "y2File": "twiss_output.filename.sdds",
            "y2FileId": "4-13",
            "y3": "None",
            "y3File": "twiss_output.filename.sdds",
            "y3FileId": "4-13"
        },
        "elementAnimation5-8": {
            "aspectRatio": "1",
            "colorMap": "afmhot",
            "framesPerSecond": "2",
            "histogramBins": 200,
            "horizontalOffset": 0,
            "horizontalSize": 0,
            "includeLattice": "0",
            "notes": "",
            "panelTitle": "bunched_beam.bunch",
            "plotRangeType": "none",
            "startTime": 1542148844,
            "valueList": {
                "x": [
                    "x",
                    "xp",
                    "y",
                    "yp",
                    "t",
                    "p",
                    "particleID"
                ],
                "xFile": [
                    "bunched_beam.bunch.sdds"
                ],
                "y1": [
                    "x",
                    "xp",
                    "y",
                    "yp",
                    "t",
                    "p",
                    "particleID"
                ],
                "y1File": [
                    "bunched_beam.bunch.sdds"
                ],
                "y2": [
                    "None",
                    "x",
                    "xp",
                    "y",
                    "yp",
                    "t",
                    "p",
                    "particleID"
                ],
                "y2File": [
                    "run_setup.output.sdds",
                    "bunched_beam.bunch.sdds"
                ],
                "y3": [
                    "None",
                    "x",
                    "xp",
                    "y",
                    "yp",
                    "t",
                    "p",
                    "particleID"
                ],
                "y3File": [
                    "run_setup.output.sdds",
                    "bunched_beam.bunch.sdds"
                ]
            },
            "verticalOffset": 0,
            "verticalSize": 0,
            "x": "x",
            "xFile": "bunched_beam.bunch.sdds",
            "xFileId": "5-8",
            "y1": "xp",
            "y1File": "bunched_beam.bunch.sdds",
            "y1FileId": "5-8",
            "y2": "None",
            "y2File": "bunched_beam.bunch.sdds",
            "y2FileId": "5-8",
            "y3": "None",
            "y3File": "bunched_beam.bunch.sdds",
            "y3FileId": "5-8"
        },
        "elements": [
            {
                "_id": 7,
                "group": "",
                "l": 1,
                "name": "D1",
                "order": "0",
                "type": "DRIF"
            },
            {
                "_id": 9,
                "group": "",
                "l": 0.5,
                "name": "D2",
                "order": "0",
                "type": "DRIF"
            },
            {
                "_id": 11,
                "group": "",
                "l": 1,
                "name": "D3",
                "order": "0",
                "type": "DRIF"
            },
            {
                "_id": 15,
                "dx": "0.0",
                "dy": "0.0",
                "dz": "0.0",
                "edge1_effects": "1",
                "edge2_effects": "1",
                "ffringe": "0.0",
                "fringe_type": "fixed-strength",
                "fse": "0.0",
                "group": "",
                "hcalibration": "1",
                "hkick": "0.0",
                "hsteering": "0",
                "i0m": "0.0",
                "i0p": "0.0",
                "i1m": "0.0",
                "i1p": "0.0",
                "i2m": "0.0",
                "i2p": "0.0",
                "i3m": "0.0",
                "i3p": "0.0",
                "k1": 0,
                "l": 0.5,
                "lambda2m": "0.0",
                "lambda2p": "0.0",
                "leffective": "-1",
                "malign_method": "0",
                "name": "Q1",
                "order": "0",
                "pitch": 0,
                "radial": "0",
                "tilt": "0.0",
                "type": "QUAD",
                "vcalibration": "1",
                "vkick": "0.0",
                "vsteering": "0",
                "yaw": 0
            },
            {
                "_id": 21,
                "dx": "0.0",
                "dy": "0.0",
                "dz": "0.0",
                "edge1_effects": "1",
                "edge2_effects": "1",
                "ffringe": "0.0",
                "fringe_type": "fixed-strength",
                "fse": "0.0",
                "group": "",
                "hcalibration": "1",
                "hkick": "0.0",
                "hsteering": "0",
                "i0m": "0.0",
                "i0p": "0.0",
                "i1m": "0.0",
                "i1p": "0.0",
                "i2m": "0.0",
                "i2p": "0.0",
                "i3m": "0.0",
                "i3p": "0.0",
                "k1": 0,
                "l": 0.5,
                "lambda2m": "0.0",
                "lambda2p": "0.0",
                "leffective": "-1",
                "malign_method": "0",
                "name": "Q2",
                "order": "0",
                "pitch": 0,
                "radial": "0",
                "tilt": "0.0",
                "type": "QUAD",
                "vcalibration": "1",
                "vkick": "0.0",
                "vsteering": "0",
                "yaw": 0
            },
            {
                "_id": 17,
                "dx": "0.0",
                "dy": "0.0",
                "dz": "0.0",
                "edge1_effects": "1",
                "edge2_effects": "1",
                "ffringe": "0.0",
                "fringe_type": "fixed-strength",
                "fse": "0.0",
                "group": "",
                "hcalibration": "1",
                "hkick": "0.0",
                "hsteering": "0",
                "i0m": "0.0",
                "i0p": "0.0",
                "i1m": "0.0",
                "i1p": "0.0",
                "i2m": "0.0",
                "i2p": "0.0",
                "i3m": "0.0",
                "i3p": "0.0",
                "k1": 0,
                "l": 0.5,
                "lambda2m": "0.0",
                "lambda2p": "0.0",
                "leffective": "-1",
                "malign_method": "0",
                "name": "Q3",
                "order": "0",
                "pitch": 0,
                "radial": "0",
                "tilt": "0.0",
                "type": "QUAD",
                "vcalibration": "1",
                "vkick": "0.0",
                "vsteering": "0",
                "yaw": 0
            },
            {
                "_id": 24,
                "angle": "18*pi/180",
                "b1": 0,
                "b2": 0,
                "dx": 0,
                "dy": 0,
                "dz": 0,
                "e1": 0,
                "e2": 0,
                "edge1_effects": "1",
                "edge2_effects": "1",
                "edge_order": 0,
                "etilt": 0,
                "etilt_sign": "1",
                "fint": 0.5,
                "fse": 0,
                "fse_dipole": 0,
                "fse_quadrupole": 0,
                "group": "",
                "h1": 0,
                "h2": 0,
                "hgap": 0,
                "k1": 0,
                "k2": 0,
                "l": 0.5,
                "name": "R1",
                "order": 0,
                "tilt": 0,
                "transport": "0",
                "type": "RBEN",
                "use_bn": "0"
            }
        ],
        "panelState": {
            "hidden": [
                "elementAnimation2-18",
                "parameterTable",
                "elementAnimation5-8"
            ]
        },
        "parameterTable": {
            "file": "twiss_output.filename.sdds",
            "page": 0,
            "valueList": {
                "file": [
                    "run_setup.centroid.sdds",
                    "run_setup.output.sdds",
                    "run_setup.parameters.sdds",
                    "run_setup.sigma.sdds",
                    "twiss_output.filename.sdds",
                    "bunched_beam.bunch.sdds"
                ],
                "modelKey": [
                    "elementAnimation2-4",
                    "elementAnimation2-21",
                    "elementAnimation2-24",
                    "elementAnimation2-29",
                    "elementAnimation4-13",
                    "elementAnimation5-8"
                ],
                "page": [
                    0
                ]
            }
        },
        "rpnCache": {
            "18*pi/180": 0.3141592653589793
        },
        "rpnVariables": [],
        "simulation": {
            "activeBeamlineId": 19,
            "backtracking": "0",
            "documentationUrl": "",
            "folder": "/USPASfundamentals",
            "isExample": false,
            "lastModified": 1638570137039,
            "name": "DispersionFree",
            "notes": "",
            "outOfSessionSimulationId": "tzedA3Co",
            "simulationId": "dW4biLsM",
            "simulationMode": "serial",
            "simulationSerial": 1645632041222871,
            "visualizationBeamlineId": 19
        },
        "twissReport": {
            "includeLattice": "1",
            "y1": "betax",
            "y2": "betay",
            "y3": "etax"
        }
    },
    "rsmanifest": {
        "image": {
            "git_commit": "348c1b0be2e20af763443c3e4efa27fe9f548dbb",
            "git_remote_origin_url": "https://github.com/radiasoft/sirepo",
            "name": "radiasoft/sirepo",
            "type": "docker",
            "uri": "https://registry.hub.docker.com/radiasoft/sirepo:20220215.180548",
            "version": "20220215.180548"
        },
        "version": "20190612.150000"
    },
    "simulationType": "elegant",
    "version": "20220215.175746"
}
